Superheading,Heading,Sub-Heading,Resource Links,Actual URL,Info,,
SEM1,,,,,,,
,1. MACHINE LEARNING (AIMLC ZG565),,,,,,
,,"Books	",,,,,
,,,Bishop - Pattern Recognition And Machine Learning - Springe file,https://github.com/workaholic2002x/AIML-Course/blob/main/Sem1/1.%20MACHINE%20LEARNING/Books/R1%20%20Bishop%20-%20Pattern%20Recognition%20And%20Machine%20Learning%20-%20Springer%20%202006.pdf,https://tinyurl.com/25ftvbwp,,
,,,Introduction to Data Mining file, www.example.com,,,
,,,Elements of Statistical Learning file,https://tinyurl.com/24gghbwk,,,
,,,svm_tutorial file,https://tinyurl.com/22vn3z25,,,
,,"Lectures PPT	",,,,,
,,,All Lectures pdf file,https://tinyurl.com/2abnd5z4,,,
,,,Class materials zip file,https://tinyurl.com/26snw5bb,,,
,,,,,,,
,,Lecture Videos (Sec-A),,,,,
,,,Lecture-1,https://youtu.be/y1x2I35_v0A,,,
,,,Lecture-2,https://youtu.be/5fkUwivmOeY,,,
,,,Lecture-3,https://youtu.be/ycpWqy3NO5E,,,
,,,Lecture-4,https://youtu.be/9rjWSrxagp4,,,
,,,Lecture-5,https://youtu.be/QnbxObLtgDU,,,
,,,Lecture-6,https://youtu.be/eR1nx_UJpXU,,,
,,,Lecture-7,https://youtu.be/zrjOadM59S4,,,
,,,Lecture-8,https://youtu.be/BwHXyVAjtCA,,,
,,,Lecture-9,https://youtu.be/3ZZaLwABSWg,,,
,,,Lecture-10,https://youtu.be/pXRNTIKjMYU,,,
,,,Lecture-11,https://youtu.be/xX11zSa15Vc,,,
,,,Lecture-12,https://youtu.be/8a0y6QxeKTA,,,
,,,Lecture-13,https://youtu.be/k0nGYPGQBzo,,,
,,,Lecture-14,https://youtu.be/89M1SPlm08o,,,
,,,Web-1,https://youtu.be/O0mT_cw4mv8,,,
,,,Web-2,https://youtu.be/wEE7DEfNKY4,,,
,,,,,,,
,,"Lecture Videos (Sec-B)	",,,,,
,,,Lecture-1,https://youtu.be/kS1-_zxEQPQ,,,
,,,Lecture-2,https://youtu.be/aPjGjt9NmGk,,,
,,,Lecture-3,https://youtu.be/NmmmWdKMP3E,,,
,,,Lecture-4,https://youtu.be/QGv_cSCeQ20,,,
,,,Lecture-5,https://youtu.be/f-RzFxncIKM,,,
,,,Lecture-6,https://youtu.be/nBUsHM7FXTA,,,
,,,Lecture-7,https://youtu.be/B4kMPWb85zA,,,
,,,Lecture-8,https://youtu.be/r9jCZxnocjE,,,
,,,Lecture-9,https://youtu.be/aCWOoOn2LJU,,,
,,,Lecture-10,https://youtu.be/FIvrhMOcVLM,,,
,,,Lecture-11,https://youtu.be/nl6uKJ3NeI0,,,
,,,Lecture-12,https://youtu.be/1_X7MTM8WEA,,,
,,,Lecture-13,https://youtu.be/7L-yQL0ET9c,,,
,,,Lecture-14,https://youtu.be/PcNGyJWR_m0,,,
,,,Lecture-15,https://youtu.be/SEUDng9jsBQ,,,
,,,Lecture-16,https://youtu.be/7e5TUVdXQ-8,,,
,,,Web-1,https://youtu.be/QiiWewio2M0,,,
,,,Web-2,https://youtu.be/P1JB-Iz-SA8,,,
,,,Web-3,https://youtu.be/lhfwXEg0K8s,,,
,,,Web-4,https://youtu.be/xoKpjG9YExQ,,,
,"		",,,,,,
,2. ARTIFICIAL & COMP INTELLIGENCE (AIMLC ZG557),,,,,,
,,"Books	",,,,,
,,,Artificial and Computational Intelligence.pdf file,https://tinyurl.com/24gok62c,,,
,,,Artificial Intelligence_ A Modern Approach… file,https://tinyurl.com/2cvdg435,,,
,,,,,,,
,,"Lectures PPT	",,,,,
,,,All Lectures (Sec A) file,https://tinyurl.com/2c928x6f,,,
,,,All Lectures (Sec-B) file,https://tinyurl.com/2d5wqs48,,,
,,"Lecture Videos	(Sec-A)",,,,,
,,,Lecture-1,https://youtu.be/HTJMM5muqR4,,,
,,,Lecture-2,https://youtu.be/CFW2ATJvicE,,,
,,,Lecture-3,https://youtu.be/WGJ7A6NLMEc,,,
,,,Lecture-4,https://youtu.be/x3-72mShj3Q,,,
,,,Lecture-5,https://youtu.be/1s_O5bv-T-4,,,
,,,Lecture-6,https://youtu.be/ZU718rV7SpI,,,
,,,Lecture-7,https://youtu.be/Jz-fAxktj9c,,,
,,,Lecture-8,https://youtu.be/UQFpegUf8IM,,,
,,,Lecture-9,https://youtu.be/o30UuMcoFYw,,,
,,,Lecture-10,https://youtu.be/bMv7dL99LEo,,,
,,,Lecture-11,https://youtu.be/mdl52zjrVEo,,,
,,,Lecture-12,https://youtu.be/VmPCkwGLFzk,,,
,,,Lecture-13,https://youtu.be/80-yKJiUQHE,,,
,,,Lecture-14,https://youtu.be/HAEnDYkEds4,,,
,,,Lecture-15,https://youtu.be/jWGsPU6Bkso,,,
,"		",,Lecture-16,https://youtu.be/zvDLm0WVtdw,,,
,,,,,,,
,,,,,,,
,,"Lecture Videos	(Sec-B)",,,,,
,,,Lecture-1,https://youtu.be/ngtTU8qYpOg,,,
,,,Lecture-2,https://youtu.be/iSouLX7AfZU,,,
,,,Lecture-3,https://youtu.be/tbrijQTDq2E,,,
,,,Lecture-4,https://youtu.be/QH1afZzuY1c,,,
,,,Lecture-5,https://youtu.be/fDjPC2MDBYY,,,
,,,Lecture-6,https://youtu.be/unWhQoA6se0,,,
,,,Lecture-7,https://youtu.be/Fvz1rIOdNBg,,,
,,,Lecture-8,https://youtu.be/3wCV8MHgX8Y,,,
,,,Lecture-9,https://youtu.be/fwG7NxD3hy8,,,
,,,Lecture-10,https://youtu.be/vQ-_CbMO36w,,,
,,,Lecture-11,https://youtu.be/VXEGiEQVMLM,,,
,,,Lecture-12,https://youtu.be/lzHN2qYHpPM,,,
,,,Lecture-13,https://youtu.be/56kYXRRotBM,,,
,,,Lecture-14,https://youtu.be/WABJGMwWL14,,,
,,,Lecture-15,https://youtu.be/Y67XvWg5qUE,,,
,"		",,Lecture-16,https://youtu.be/8Owj5YduoWY,,,
,,,,,,,
,3. INTRO TO STATISTICAL METHODS (AIMLC ZC418),,,,,,
,,"Books	",,,,,
,,,"Statistics for DS_Maurits Kaptein, Edwin van den Heuvel file",https://tinyurl.com/29tzlv53,,,
,,,Probability_and_Statistics_for_engineering file,https://tinyurl.com/2yuwksy4,,,
,,,,,,,
,,"Lectures PPT	",,,,,
,,,ISM Sessions (Sec-A),https://tinyurl.com/2xhyscl5,,,
,,,ISM All Sessions with Web file (Sec-B),https://tinyurl.com/23865bro,,,
,,"Lecture Videos(Sec-A)	",,,,,
,,,Lecture-1,https://youtu.be/IjrKF9mVdgo,,,
,,,Lecture-2,https://youtu.be/hfcp1odo4nQ,,,
,,,Lecture-3,https://youtu.be/W-pIZ5Ag9bA,,,
,,,Lecture-4,https://youtu.be/_aUi0BC7vZE,,,
,,,Lecture-5,https://youtu.be/tPBjkjaMhgU,,,
,,,Lecture-6,https://youtu.be/rm444EVMFYQ,,,
,,,Lecture-7,https://youtu.be/gj68UXC7YOs,,,
,,,Lecture-8,https://youtu.be/8lmz-P6jT6k,,,
,,,Lecture-9,https://youtu.be/7AOyLPsRih8,,,
,,,Lecture-10,https://youtu.be/cgX6925nwKE,,,
,,,Lecture-11,https://youtu.be/lp93fabWE80,,,
,,,Webinar-1,https://youtu.be/5ExEQ5M71J0,,,
,,,Webinar-2,https://youtu.be/IYx2gAl3iTU,,,
,,,Webinar-3,https://youtu.be/fCoMwax1_Ng,,,
,,,Webinar-4,https://youtu.be/NTKwj1cNGPk,,,
,,,Webinar-5,https://youtu.be/tZ90e_JFQUE,,,
,,,Webinar-6,https://youtu.be/FgC_Cr5-CSw,,,
,,,Webinar-7,https://youtu.be/AFWflSFR8v4,,,
,,,Webinar-8,https://youtu.be/BS0JeGhDVLM,,,
,,,Webinar-9,https://youtu.be/Faek9X0lskg,,,
,,,Webinar-10,https://youtu.be/RiUqcYro5iA,,,
,,,,,,,
,,"Lecture Videos (Sec-B)	",,,,,
,,,Lecture-1,https://youtu.be/FqQf9zVSxjk,,,
,,,Lecture-2,https://youtu.be/Ky99dJiq3oU,,,
,,,Lecture-3,https://youtu.be/VJwvIrzZOmw,,,
,,,Lecture-4,https://youtu.be/-3nL8JDlcwU,,,
,,,Lecture-5,https://youtu.be/8DxI39RY6DI,,,
,,,Lecture-6,https://youtu.be/B8tryrAa84A,,,
,,,Lecture-7,https://youtu.be/VgmkA4tAqMo,,,
,,,Lecture-8,https://youtu.be/2KBI2Ix7fg0,,,
,,,Lecture-9,https://youtu.be/H5AzXPxij4s,,,
,,,Lecture-10,https://youtu.be/UNu2Bu3xsLk,,,
,,,Lecture-11,https://youtu.be/uHNMG7FFIhQ,,,
,,,Lecture-12,https://youtu.be/cI7msIQDSi8,,,
,,,Lecture-13,https://youtu.be/Q3xMW4SDLpw,,,
,,,Web-1,https://youtu.be/L9y2NjH9IVc,,,
,,,Web-2,https://youtu.be/IOe4QV8tvNY,,,
,,,Web-3,https://youtu.be/N18-QmE2PMI,,,
,,,Web-4,https://youtu.be/Bt6t8-VANTA,,,
,,,Web-5,https://youtu.be/6_TvwUN0pww,,,
,,,Web-6,https://youtu.be/r3WMacY329o,,,
,,,Web-7,https://youtu.be/6VGjnWFYfVc,,,
,,,Web-8,https://youtu.be/IR62ujCMgS8,,,
,,,,,,,
,4. MATH FOUNDATIONS FOR MACHINE LEARNING (AIMLC ZC416),,,,,,
,,"Books	",,,,,
,,,ADVANCED-ENG-MATH-BY-H.K-DASS file,https://tinyurl.com/2cztxlbp,,,
,,,Ref_Adv Eng Math_KreysZIG file,https://tinyurl.com/2y9zbovm,,,
,,,Ref_Charu C. Aggarwal - Linear Algebra and Optimization file,https://tinyurl.com/252mgr66,,,
,,,mathematics for Machine Learning_Deisenroth file,https://tinyurl.com/2blq2zeo,,,
,,,,,,,
,,"Lectures PPT	",,,,,
,,,All Lectures (Sec A) file,https://tinyurl.com/2adwewhu,,,
,,,All Lectures (Sec B) file,https://tinyurl.com/27u4gxz9,,,
,,,,,,,
,,"Lecture Videos	(Sec-A)",,,,,
,,,Lecture-1,https://youtu.be/gTPUgOy-qSM,,,
,,,Lecture-2,https://youtu.be/yVianwimGxY,,,
,,,Lecture-3,https://youtu.be/w3ZUsLCLpL4,,,
,,,Lecture-4,https://youtu.be/NlaHK6NkF7k,,,
,,,Lecture-5,https://youtu.be/uOOFkC0c67s,,,
,,,Lecture-6,https://youtu.be/FaCXg1iOty4,,,
,,,Lecture-7,https://youtu.be/RAlFue4CjHU,,,
,,,Lecture-8,https://youtu.be/MUJuSqqp4iM,,,
,,,Lecture-9,https://youtu.be/1JdAVYWB_Uw,,,
,,,Lecture-10,https://youtu.be/RLXmMJXqaf0,,,
,,,Lecture-11,https://youtu.be/4CE6nGshF8k,,,
,,,Lecture-12,https://youtu.be/EJDekZlIlBI,,,
,,,Lecture-13,https://youtu.be/4evhjYHFyLQ,,,
,,,Lecture-14,https://youtu.be/aEsrVLJcGhY,,,
,,,Webinar-1,https://youtu.be/sJArRXwC6IU,,,
,,,Webinar-2,https://youtu.be/rhvEbubtNXQ,,,
,,,Webinar-3,https://youtu.be/HTx4q9mJULY,,,
,,,Webinar-4,https://youtu.be/03iwpnqELoI,,,
,,,,,,,
,,"Lecture Videos	(Sec-B)",,,,,
,,,Lecture-1,https://youtu.be/IO0-YAqQx7c,,,
,,,Lecture-2,https://youtu.be/F3c64e28agE,,,
,,,Lecture-3,https://youtu.be/ZZR2U6vyAR0,,,
,,,Lecture-4,https://youtu.be/pGdmMwSGF_4,,,
,,,Lecture-5,https://youtu.be/6ewf35l0_NI,,,
,,,Lecture-6,https://youtu.be/3ipTj_YEKjw,,,
,,,Lecture-7,https://youtu.be/4FnAInxNuWQ,,,
,,,Lecture-8,https://youtu.be/2eVolg6d0EA,,,
,,,Lecture-9,https://youtu.be/V6GeNfcQ8tg,,,
,,,Lecture-10,https://youtu.be/kvWUo2Ib1nw,,,
,,,Lecture-11,https://youtu.be/sxQQGewCzh0,,,
,,,Lecture-12,https://youtu.be/Vu2lEwLeB7Y,,,
,,,Lecture-13,https://youtu.be/PnDNVPgXVMc,,,
,,,Lecture-14,https://youtu.be/s169q7FkLz8,,,
,,,Lecture-15,https://youtu.be/tRY9Xv7CXEk,,,
,,,Lecture-16,https://youtu.be/LMnADVIw5bQ,,,
,,,Webinar-1,https://youtu.be/jnU_uwiO6eU,,,
,,,Webinar-2,https://youtu.be/Hf8Rk3s68l4,,,
,,,Webinar-3,https://youtu.be/IWmcCWTYcZI,,,
,,,Webinar-4,https://youtu.be/h0zMevFjUi0,,,
,,,,,,,
SEM2,,,,,,,
,1. DEEP REINFORCEMENT LEARNING (AIMLC ZG512),,,,,,
,,"Books	",,,,,
,,,Reinforcement Learning …. Richard S. Sutton file,https://tinyurl.com/29s8uy44,,,
,,,Foundations-of-dee..-theo.pdf file,https://tinyurl.com/2xjzb2mc,,,
,,,Info link-3,,,,
,,"Lectures PPT	",,,,,
,,,All Lectures (Sangeetha)pdf file,https://tinyurl.com/2257yjoq,,,
,,,,,,,
,,Lecture Videos (Sangeetha),,,,,
,,,Lecture-1  (21st May),https://youtu.be/Lzl5GohzKOA,,,
,,,Lecture-2 (28th May),https://youtu.be/7DnaBVaqZds,,,
,,,Lecture-3 (4th June),https://youtu.be/uOBlRHzw_Sg,,,
,,,Lecture-4 (11st June),https://youtu.be/ACo_FoTs_2k,,,
,,,Lecture-5 (18th June),https://youtu.be/S8XREFH2lIc,,,
,,,Lecture-6 (25th June),https://youtu.be/YJNy8HhJ_WE,,,
,,,Lecture-7 (9th July),https://youtu.be/sxGAV9YE1Ng,,,
,,,Lecture-8 ,https://youtu.be/sXpMXwLVJ_U,,,
,,,Lecture-9 (13 Aug),https://youtu.be/eI-q2B-83T0,,,
,,,Lecture-10 (20th Aug),https://youtu.be/bfhBJBXabIQ,,,
,,,Lecture-11 (27th Aug_Vimal),https://youtu.be/4oqmaiC5m2s,,,
,,,Lec-12 (3rd Sep_Vimal),https://youtu.be/SW0hjGWJY-E,,,
,,,Lecture-13 (10th Sep),https://youtu.be/oBcwGsXEj0A,,,
,,,Lecture-14 (17th Sep),https://youtu.be/iD5BBydpGCU,,,
,,,Lecture-15 (24th Sep),https://youtu.be/jClTtr22doU,,,
,,,Lecture-16 (30th Sep),https://youtu.be/-ETZdloTrNw,,,
,,Lecture Videos (Vimal),,,,,
,,,Lecture-1 (20th May),https://youtu.be/8y4uOjITHK8,,,
,,,Lecture-2 (27th May),https://youtu.be/nrvOEduYDaw,,,
,,,Lecture-3 (3rd June),https://youtu.be/5xG56aQI1CM,,,
,,,Lecture-4 (10th June),,,,
,,,Lecture-5 (17th June),https://youtu.be/K3P1CTrpbkQ,,,
,,,Lecture-6 (24th June),https://youtu.be/qWx9H7vB4xg,,,
,,,Lecture-7 (1st July),https://youtu.be/wCx43HSwG6E,,,
,,,Lecture-8 (8th July),https://youtu.be/E67W06vzFvU,,,
,,,Lecture-9 (19th Aug),https://youtu.be/qPiXO-1yP6g,,,
,,,Lecture-10 (26th Aug),https://youtu.be/rRuh1X_f2CA,,,
,,,Lecture-11 (2 Sep),https://youtu.be/m91hmKznP1E,,,
,,,Lecture-12 (9 Sep),https://youtu.be/4LOjh0zbuAc,,,
,,,Lecture-13 (16 Sep),https://youtu.be/PU44IUDQNrE,,,
,,,Lecture-14 (23 Sep),https://youtu.be/4ParZkHRqYk,,,
,,,,,,,
,,DRL Webinar (Common),,,,,
,,,Webinar-1 (23rd June),https://youtu.be/n4KSHrr0Z5A,,,
,,,Webinar-2 (10 July),https://youtu.be/ShVdVJ61eyY,,,
,,,Webinar-3 (23 Aug),https://youtu.be/lOGNc08jino,,,
,,,Webinar-4 (6 Sep),https://youtu.be/CcI1J4npV_g,,,
,"		",,,,,,
,2. DATA MGMT FOR MACHINE LEARNING (AIMLC ZG529),,,,,,
,,"Books	",,,Chandan:git,,
,,,Data Engineering_Paul..pdf file,https://tinyurl.com/2ddn6ah2,,,
,,,Designing data-...O'Reilly Media (2018)..pdf file,https://tinyurl.com/2cdqdh7s,,,
,,,Data Pipelines Pocket..James Densmore -O'Reilly Media (2021) pdf file,https://tinyurl.com/24la2sqp,,,
,,,"H.Hapke, C.Nelson - Building Machine Learning Pipelines...O'Reilly Media (2020) pdf file",https://tinyurl.com/26brqz8k,,,
,,,"Joe Reis, Matt Housley- Fundamentals of Data Engineering...-O'Reilly Media (2022) pdf file",https://tinyurl.com/2bze4ztm,,,
,,,"C.Chen, N.Murphy, K.Parisa, D.Sculley, T.Underwo pdf file",https://tinyurl.com/28xk2ocz,,,
,,"Lectures PPT	",,,Chandan:git,,
,,,All Classes pdf file,https://tinyurl.com/26t8hc2a,,,
,,,,,,,
,,Lecture Videos,,,Chandan,,
,,,Lecture-1,https://youtu.be/j-pkC2le7-Q,,,
,,,Lecture-2,https://youtu.be/EvsVbOyqOPw,,,
,,,Lecture-3,https://youtu.be/MrD9LestpEc,,,
,,,Lecture-4,https://youtu.be/Km-ezk55ucM,,,
,,,Lecture-5,https://youtu.be/WCyZziXXPBE,,,
,"		",,Lecture-6,https://youtu.be/lBqmz3TrEmY,,,
,,,Lecture-7,https://youtu.be/GoFNB_c6NwQ,,,
,,,Lecture-8,https://youtu.be/0uT-Yk-n96s,,,
,,,Lecture-9,https://youtu.be/DxIrQiqPmJU,,,
,,,Lecture-10,https://youtu.be/0CRjUCBSmCI,,,
,,,Lecture-11,https://youtu.be/jCHfJsPo1R0,,,
,,,Lecture-12,https://youtu.be/FVkKiIimqeg,,,
,,,Lecture-13,https://youtu.be/qblruBcs7mI,,,
,,,Lecture-14,https://youtu.be/mJ16Uw4TvmM,,,
,,,Lecture-15,https://youtu.be/g3n3mHraOQw,,,
,,,Lecture-16,https://youtu.be/ReMlQzXtYaw,,,
,,,Lecture-17,https://youtu.be/YphYy312U4M,,,
,,,Webinar-1,https://youtu.be/YrC8AJGDTEI,,,
,,,Webinar-2,https://youtu.be/56e3r0hYBe8,,,
,,,Webinar-3,https://youtu.be/IUj8a6cIxio,,,
,,,Webinar-4,https://youtu.be/lW8F3Ufd2UU,,,
,,,,,,,
,,,,,,,
,3. PROBABILISTIC GRAPHICAL MODELS (AIMLC ZG526),,,,,,
,,"Books	",,,,,
,,,KollerFriedman.pdf file,https://tinyurl.com/244bfr7g,,,
,,,,,,,
,,"Lectures PPT	",,,,,
,,,PGM_All Classes pdf file,https://tinyurl.com/28epqwoj,,,
,,,,,,,
,,"Lecture Videos	",,,,,
,,,Lecture-1,https://youtu.be/K8f1gRwpCOc,,,
,,,Lecture-2,https://youtu.be/lz_-DokjSpA,,,
,,,Lecture-3,https://youtu.be/GefhbnpMJ-E,,,
,,,Lecture-4,https://youtu.be/aFMy5fqORZM,,,
,,,Lecture-5,https://youtu.be/vOyDABOhksA,,,
,,,Lecture-6,https://youtu.be/LOrCJm8Fa_8,,,
,,,Lecture-7,https://youtu.be/cpMqLBJ3hyY,,,
,,,Lecture-8,https://youtu.be/axCVlnasOA8,,,
,,,Lecture-9,https://youtu.be/0_OoLCL0ET8,,,
,,,Lecture-10,https://youtu.be/Mx0t5lNR_og,,,
,,,Lecture-11,https://youtu.be/DPJq8WZkF-Q,,,
,,,Lecture-12,https://youtu.be/YsQLN2JJn-4,,,
,,,Lecture-13,https://youtu.be/PIwLT5Iv4i4,,,
,,,Lecture-14,https://youtu.be/4RDzvUiSWO8,,,
,,,Lecture-15,https://youtu.be/t9QRe_qpfHw,,,
,,,Lecture-16,https://youtu.be/YGVvxHDgz7E,,,
,,,Lecture-17,https://youtu.be/tcf6TmHn5Zk,,,
,,,Webinar-1,https://youtu.be/V-ZWZHOAj8M,,,
,,,Webinar-2,https://youtu.be/KYCND9nJkNk,,,
,,,Webinar-3,https://youtu.be/A6wJi5kkPnw,,,
,,,Webinar-4,https://youtu.be/7cjc0GopbvY,,,
,,,,,,,
,4. DEEP NEURAL NETWORKS (AIMLC ZG511),,,,,,
,,"Books	",,,,,
,,,Deep_Learning_John D. Kelleher.pdf file,https://tinyurl.com/2y6b9889,,,
,,,"Neural Networks and Deep Learning, Charu Aggarwal.pdf file",https://tinyurl.com/2d73akvx,,,
,,,"Ian Goodfellow, Yoshua….. Deep Learning pdf file",https://tinyurl.com/29vlo5ag,,,
,,,Dive into Deep Learning.pdf file,https://tinyurl.com/289y59yj,,,
,,"Lectures PPT	",,,,,
,,,DNN_All Classes pdf file,https://tinyurl.com/23jf9dxp,,,
,,,,,,,
,,Lecture Videos,,,,,
,,,Lecture-1,https://youtu.be/5_Jbqpxf94c,,,
,,,Lecture-2,https://youtu.be/9Ymccg_HouI,,,
,,,Lecture-3,https://youtu.be/rbh2eQCdhWM,,,
,,,Lecture-4,https://youtu.be/KxiSAjHmApc,,,
,,,Lecture-5,https://youtu.be/GUjy6wBgdf4,,,
,,,Lecture-6,https://youtu.be/81mAryFDZSQ,,,
,,,Lecture-7,https://youtu.be/XLwza4xIaxM,,,
,,,Lecture-8,https://youtu.be/MK3TeEGCFoA,,,
,,,Lecture-9,https://youtu.be/_Z8EeJ8lVns,,,
,,,Lecture-10,https://youtu.be/AaBRkdkJ22A,,,
,,,Lecture-11,https://youtu.be/aqfOFcmrC-4,,,
,,,Lecture-12,https://youtu.be/fafciCElvMY,,,
,,,Lecture-13,https://youtu.be/OD9LgvaZ5ug,,,
,,,Lecture-14,https://youtu.be/MkmqjleCSZg,,,
,,,Webinar-1,https://youtu.be/n4KSHrr0Z5A,,,
,,,Webinar-2,https://youtu.be/ShVdVJ61eyY,,,
,,,Webinar-3,https://youtu.be/lOGNc08jino,,,
,,,Webinar-4,https://youtu.be/CcI1J4npV_g,,,
,,,,,,,
,5. NATURAL LANGUAGE PROCESSING (AIMLC ZG530),,,,,,
,,"Books	",,,,,
,,,Natural language processing-Course Handout pdf file,https://tinyurl.com/24cmxlcd,,,
,,,Pretrained Transformers for text Ranking pdf file,https://tinyurl.com/26thjejc,,,
,,,NLU2e_James_Allen pdf file,https://tinyurl.com/29y72f8a,,,
,,,ed3book-3rd edition pdf file,https://tinyurl.com/23chyvf5,,,
,,,Foundations of Statistical NLP pdf file,https://tinyurl.com/2dabw2hv,,,
,,,,,,,
,,"Lectures PPT	",,,,,
,,,All Lectures with Webinar (Chetna) pdf file,https://tinyurl.com/25exapeg,,,
,,,,,,,
,,Lecture Videos (Chetna),,,,,
,,,Lecture-1,https://youtu.be/4TKkRxnQ7G0,,,
,,,Lecture-2,https://youtu.be/_h7ObxioURg,,,
,,,Lecture-3,https://youtu.be/4x-SM6ZDVV8,,,
,,,Lecture-4,https://youtu.be/t4KxNxAlGvI,,,
,,,Lecture-5,https://youtu.be/PIsU-msktag,,,
,,,Lecture-6,https://youtu.be/d_YrUfsuyxk,,,
,,,Lecture-7,https://youtu.be/kdbRYEAzAiA,,,
,,,Lecture-8,https://youtu.be/h6zq5s4u8YY,,,
,,,Lecture-9,https://youtu.be/cErmIHTr-IM,,,
,,,Lecture-10,https://youtu.be/wCjDWdYCodI,,,
,,,Lecture-11,https://youtu.be/gyeWHCMIluc,,,
,,,Lecture-12,https://youtu.be/irW_FQby924,,,
,,,Lecture-13,https://youtu.be/ZSM3FZYfX8g,,,
,,,Lecture-14,https://youtu.be/tqplP7tiRBA,,,
,,,Lecture-15,https://youtu.be/OnnFOfMgqdM,,,
,,,Lecture-16,https://youtu.be/FbLo3Y5Tn5I,,,
,,,Web-1,https://youtu.be/0ToG6XpAwPc,,,
,,,Web-2,https://youtu.be/0_qpB2DxAN0,,,
,,,Web-3,https://youtu.be/RasyJzb0cvQ,,,
,,,Web-4,https://youtu.be/wOIw5c3-PUQ,,,
,,,,,,,
,,Lecture Videos (Bharthi),,,,,
,,,Lecture-1,https://youtu.be/McmvmIls4ls,,,
,,,Lecture-2,https://youtu.be/CLtbi60lu_k,,,
,,,Lecture-3,https://youtu.be/7tkOKEEnVcM,,,
,,,Lecture-4,https://youtu.be/UMM_BR4rfbc,,,
,,,Lecture-5,https://youtu.be/4oq6AX-K6Ow,,,
,,,Lecture-6,https://youtu.be/_8Cw38GTP_A,,,
,,,Lecture-7,https://youtu.be/SmQD0T6JEik,,,
,,,Lecture-8,https://youtu.be/cIr0b-9ISO8,,,
,,,Lecture-9,https://youtu.be/XmQWn0Fvo3M,,,
,,,Lecture-10,https://youtu.be/W5hU-yXPVIo,,,
,,,Lecture-11,https://youtu.be/K2lZ8DbQozE,,,
,,,Lecture-12,https://youtu.be/tJ4pKy3nGqw,,,
,,,Lecture-13,https://youtu.be/j_xO7u8kYvc,,,
,,,Lecture-14,https://youtu.be/7mW4TtcB_GU,,,
,,,Lecture-15,https://youtu.be/948i_vvt1j8,,,
,,,Lecture-16,https://youtu.be/GbUB9QBfKIM,,,
,,,Web-1,https://youtu.be/YPwWCLZ-D8g,,,
,,,Web-2,https://youtu.be/PtxGCIDie2g,,,
,,,Web-3,https://youtu.be/r36IyQr1C9M,,,
,,,Web-4,https://youtu.be/ayUhwgPf8vQ,,,
,,,,,,,
,6. AI & ML TECHNIQUES FOR CYBER SECURITY ,,,,,,Vedant Jain
,,"Books	",,,,,
,,,AI_cybersecurity_dummies pdf file,https://tinyurl.com/2auma5fo,,,
,,,Computer_Security_Principles… pdf file,https://tinyurl.com/24nn94nu,,,
,,,Cybersecurity Games_ Mathematical… pdf file,https://tinyurl.com/23fmc25p,,,
,,,Data Mining and Machine Learning … pdf file,https://tinyurl.com/2dofxt5u,,,
,,,IntroductionToArtificialIntelligenceFo… pdf file,https://tinyurl.com/2cllorte,,,
,,,WhitePaper-BB-introduction-to-ai-fo… pdf file,https://tinyurl.com/29fbtklb,,,
,,"Lectures PPT	",,,,,
,,,All Lectures pdf file,https://tinyurl.com/25hbr4aa,,,
,,,,,,,
,,"Lecture Videos	",,,,,
,,,"Lecture-1,2: Introduction",https://youtu.be/795LEv7DQzM,,,
,,,Lecture-3: ML-Part1,https://youtu.be/7tSzxMeZRL8,,,
,,,Lecture-4: ML Part2,https://youtu.be/Y_se291rAAA,,,
,,,"Lecture 05:  Supervised Learning, Misuse Signature Detection",https://youtu.be/CzvGQ968gaw,,,
,,,Lecture 06: MachineLearning Anomaly Detection,https://youtu.be/zKd85zjrtpY,,,
,,,Lecture 09:   Malware Detection & Classification Part 1,https://youtu.be/bTaSPpmq7L4,,,
,,,Lecture 10:  Malware Detection & Classification Part 2,https://youtu.be/VMuetwwI7wc,,,
,,,Lecture 11:  Intrusion Detection Part 1,https://youtu.be/W3elFJCIBTY,,,
,,,Lecture 12:  Intrusion Detection Part 2,https://youtu.be/Ot0Hc5HxSGg,,,
,,,Lecture 13:  Domain Detection & Categorization,https://youtu.be/RIsv-TvSgec,,,
,,,Lecture 14:  Profile Network Traffic,https://youtu.be/CQcVaeIrFeI,,,
,,,Lecture 15:  Adversial Machine Learning Malware Detection,https://youtu.be/pdB3A4aeiw0,,,
,,,Web-1,https://youtu.be/lf2xmrlPJ-s,,,
,,,Web-2,https://youtu.be/0r4Gl6WyXrI,,,
,,,Web-3,https://youtu.be/qYmHAXIqst0,,,
,,,,,,,
,7. MLSysOptimization,,,,,,
,,"Books	",,,,,
,,,No Books,,,,
,,,,,,,
,,"Lectures PPT	",,,,,
,,,All Class Notes zip file,https://tinyurl.com/2acxk38v,,,
,,,,,,,
,,,,,,,
,,"Lecture Videos	",,,,,
,,,Lecture-1,https://youtu.be/juxVnLBLxKc,,,
,,,Lecture-2,https://youtu.be/nQenCpR-GS4,,,
,,,Lecture-3,https://youtu.be/8lL5FKQqw30,,,
,,,Lecture-4,,,,
,,,Lecture-5,,,,
,,,Lecture-6,https://youtu.be/AdsPR76Y2ic,,,
,,,Lecture-7,https://youtu.be/fwLYhsCZPV8,,,
,,,Lecture-8,,,,
,,,Lecture-9,https://youtu.be/LKcWecJQy-w,,,
,,,Lecture-10,https://youtu.be/-SjttKnErB4,,,
,,,Lecture-11,https://youtu.be/oFBBgq15OeI,,,
,,,Lecture-12,https://youtu.be/_pHqaYAzjM4,,,
,,,Lecture-13,https://youtu.be/8slWbT6WdUQ,,,
,,,Lecture-14,https://youtu.be/PzUjQj4CSjc,,,
,,,Lecture-15,https://youtu.be/M2rJ0Ed55D4,,,
,,,Lecture-16,https://youtu.be/580mU0oG2Hk,,,
,,,Webinar-1,https://youtu.be/jyG8BtrGq3g,,,
,,,,,,,
,8. FATML,,,,,,VIPIN PANICKER
,,"Books	",,,,,
,,,Info link-1,,,,
,,,Info link-2,,,,
,,,Info link-3,,,,
,,"Lectures PPT	",,,,,
,,,All Lectures file,https://tinyurl.com/28k5wl7n,,,
,,"Lecture Videos	",,,,,
,,,Lecture-1,https://youtu.be/alChNsh9CNI,,,
,,,Lecture-2,https://youtu.be/_MK1ASAvgpI,,,
,,,Lecture-3,https://youtu.be/2KdEK8DCSx0,,,
,,,Lecture-4,https://youtu.be/Mn9OLweGKOg,,,
,,,Lecture-5,https://youtu.be/fYEIQz8iKu0,,,
,,,Lecture-6,https://youtu.be/6fA1s9wLqjk,,,
,,,Lecture-7,https://youtu.be/D-bPBb8jvqE,,,
,,,Lecture-8,https://youtu.be/uuk0KXMrEeE,,,
,,,Lecture-9,https://youtu.be/sFwIbE-UDHg,,,
,,,Lecture-10,https://youtu.be/kEn9_Umhaqc,,,
,,,Lecture-11,https://youtu.be/Mx2yKvjda08,,,
,,,Lecture-12,https://youtu.be/EKZ1YpMiNAw,,,
,,,Lecture-13,https://youtu.be/H3cqGbThkug,,,
,,,Lecture-14,https://youtu.be/b4_XJS-HsOI,,,
,,,Lecture-15,https://youtu.be/UYNxrQXBYl4,,,
,,,Webinar-1,https://youtu.be/TcMNINpBmXw,,,
,,,Webinar-2,https://youtu.be/eIAbcaaFQq8,,,
,,,,,,,
,9. INFORMATION RETRIEVAL,,,,,,
,,"Books	",,,,,
,,,Synthesis Lectures on Human Language Technologies…pdf file,https://tinyurl.com/25enfbmq,,,
,,,Christopher D Manning_ Prabhakar Raghavan…pdf file,https://tinyurl.com/26pauds4,,,
,,,"Francesco Ricci, Lior Rokach, Bracha Shapira….. Pdf file",https://tinyurl.com/2a7kdu7t,,,
,,,"Ricardo Baeza-Yates, Berthier Ribeiro-Neto…pdf file",https://tinyurl.com/2barrqjs,,,
,,,,,,,
,,"Lectures PPT	",,,,,
,,,Combined lectured pdf file,https://tinyurl.com/28moggbj,,,
,,,,,,,
,,"Lecture Videos	",,,,,bits.gowtham
,,,Lecture-1,https://youtu.be/H5Vy-_LpBCI,,,
,,,Lecture-2,https://youtu.be/DdeV92mqaw8,,,
,,,Lecture-3,https://youtu.be/PITcVItLbBs,,,
,,,Lecture-4,https://youtu.be/uYxkJbataFM,,,
,,,Lecture-5,https://youtu.be/GBjuw62-e0E,,,
,,,Lecture-6,https://youtu.be/kiAQpnOaL0w,,,
,,,Lecture-7,https://youtu.be/60UT85ZehP4,,,
,,,Lecture-8,https://youtu.be/v61oNWllGcA,,,
,,,Lecture-9,https://youtu.be/cssiE2q2zC8,,,
,,,Lecture-10,https://youtu.be/etyHxnht2rs,,,
,,,Lecture-11,https://youtu.be/9hQVC98vc-8,,,
,,,Lecture-12,https://youtu.be/V_ZVgjFpXAI,,,
,,,Lecture-13,https://youtu.be/pAaRdzhTwAo,,,
,,,Lecture-14,https://youtu.be/jPl-YmREfx8,,,
,,,Lecture-15,https://youtu.be/ERx2P70wpgc,,,
,,,Webinar-1,https://youtu.be/PQbgpQ-bWCM,,,
,,,Webinar-2,https://youtu.be/ilzYhbN-5Z8,,,
,,,Webinar-3,https://youtu.be/TgqrVigEhxc,,,
,,,Webinar-4,https://youtu.be/qKI-eitJHzw,,,
,,,,,,,
,,,,,,,
,10. SOCIAL MEDIA ANALYTICS,,,,,,
,,"Books	",,,,,
,,,Exploring Social Media Ethics in Org,https://tinyurl.com/2yalnu4r,,,
,,,SentimentAnalysis-and-OpinionMining_Bing Liu,https://tinyurl.com/2yojgzjj,,,
,,,Social Media Mining_Zafarani Abbasi Liu_2014,https://tinyurl.com/2dxx3d2l,,,
,,"Lectures PPT	",,,,,
,,,All Sessions,https://tinyurl.com/2d828xsp,,,
,,,,,,,
,,"Lecture Videos	",,,,,
,,,Lecture-1,https://youtu.be/rCrn7-4Bgfs,,,
,,,Lecture-2,https://youtu.be/7R8-3oLUjVo,,,
,,,Lecture-3,https://youtu.be/rAhkrfrF0jc,,,
,,,Lecture-4,https://youtu.be/qutB3QBtOtY,,,
,,,Lecture-5,https://youtu.be/toGV4nj87dI,,,
,,,Lecture-6,https://youtu.be/YHMpAwJjyik,,,
,,,Lecture-7,https://youtu.be/btC6AyiAmhY,,,
,,,Lecture-8,https://youtu.be/4lWkFEAS-0Y,,,
,,,Lecture-9,https://youtu.be/8e2735_-sZI,,,
,,,Lecture-10,https://youtu.be/9n_5tZMhn5Q,,,
,,,Lecture-11,https://youtu.be/WFOoNo7hEdM,,,
,,,Lecture-12,https://youtu.be/nJDlVIJRXZ0,,,
,,,Lecture-13,https://youtu.be/c3qf3mq3ZpM,,,
,,,Lecture-14,https://youtu.be/g_Zn-OcEUi8,,,
,,,Lecture-15,https://youtu.be/7NIeLQzE5UQ,,,
,,,Lecture-16,https://youtu.be/P3JkJ5wNv5s,,,
,,,Webinar-1,https://youtu.be/3BM6fH-lqTY,,,
,,,Webinar-2,https://youtu.be/U2JFAyt5LD0,,,
,,,Webinar-3,https://youtu.be/Htr7374z56U,,,
,,,Webinar-4,https://youtu.be/bAsigJbeApI,,,
,,,,,,,
,,,,,,,
SEM3,1. VIDEO ANALYTICS (AIMLC ZG531),,,,,,
,,"Books	",,,,,
,,,Alan_C._Bovik_The_Essential_Guide,https://tinyurl.com/24wq4tba,,,
,,,image-processing-analysis-and-machine-vision,https://tinyurl.com/24fnucwx,,,
,,,DIP_raffle,https://tinyurl.com/2487bglh,,,
,,,Motion_Estimating_Optical_Flow…,https://tinyurl.com/29levnf3,,,
,,,"Bovik, Alan C. The essential guide to video p…",https://tinyurl.com/29levnf3,,,
,,,Video Analytics AIML Handout ..,https://tinyurl.com/22clg22t,,,
,,"Lectures PPT	",,,,,
,,,All Lectures,https://tinyurl.com/23lpsoey,,,
,,"Lecture Videos	",,,,,
,,,Lecture-1,https://youtu.be/-LM1gyA6NjE,,,
,,,Lecture-2,https://youtu.be/B3x4P3elcT0,,,
,,,Lecture-3,https://youtu.be/gtrPQ0Bigwc,,,
,,,Lecture-4,https://youtu.be/kROpckRoPBU,,,
,,,Lecture-5,https://youtu.be/vIwIsjBni1s,,,
,,,Lecture-6,https://youtu.be/JvMdfHAdxlk,,,
,,,Lecture-7,https://youtu.be/VT0pEirvzas,,,
,,,Lecture-8,https://youtu.be/rpjQa1scpMA,,,
,,,Lecture-9,https://youtu.be/MuUD3kOn_NA,,,
,,,Lecture-10,https://youtu.be/pDGfd47xpsw,,,
,,,Lecture-11,https://youtu.be/fsZ8HbTI9OA,,,
,,,Lecture-12,https://youtu.be/mlHE6BAvpuM,,,
,,,Lecture-13,https://youtu.be/PXK3G9CqSY0,,,
,,,Lecture-14,https://youtu.be/c1e9oPRvsW0,,,
,,,Lecture-15,https://youtu.be/hywVDvK6fqM,,,
,,,Lecture-16,https://youtu.be/5mVtoZv4TOA,,,
,,,Webinar-1,https://youtu.be/-xOwTI0X6As,,,
,,,Webinar-2,https://youtu.be/JH08DwcbsVs,,,
,"		",,,,,,
,2. GRAPH NEURAL NETWORKS (AIMLC ZG514),,,,,,
,,"Books	",,,,,
,,,Hamilton,https://tinyurl.com/2cnxba2q,,,
,,,"Graph Neural Networks_ Foundations, Frontiers, and Applica",https://tinyurl.com/2dqdvejw,,,
,,,,,,,
,,"Lectures PPT	",,,,,
,,,All Lectures,https://tinyurl.com/22tnofz5,,,
,,,,,,,
,,"Lecture Videos	",,,,,
,,,Lecture-1,https://youtu.be/b3ghixXk9Tw,,,
,,,Lecture-2,https://youtu.be/Tz0J_GF-Kw0,,,
,,,Lecture-3,https://youtu.be/X29WouSXifI,,,
,,,Lecture-4,https://youtu.be/NqA3hcARq1Q,,,
,,,Lecture-5,https://youtu.be/a20jRxDBh5M,,,
,,,Lecture-6,https://youtu.be/PxqCDK9GfCI,,,
,,,Lecture-7,https://youtu.be/2IxW-Il3elo,,,
,,,Lecture-8,https://youtu.be/q9N7EazjTHM,,,
,,,Lecture-9,https://youtu.be/n-c3dh2eIUk,,,
,,,Lecture-10,https://youtu.be/BNJTJkvto4c,,,
,,,Lecture-11,https://youtu.be/eOwJdoqCKCU,,,
,,,Lecture-12,https://youtu.be/Eb-e6aAbmCI,,,
,,,Lecture-13,https://youtu.be/9iED8Oo_qOY,,,
,,,Lecture-14,https://youtu.be/WKIXeOkHC2A,,,
,,,Lecture-15,https://youtu.be/sFH9pxDy7dU,,,
,,,Lecture-16,https://youtu.be/SvfrjMiLLQU,,,
,,,Webinar-1,https://youtu.be/qsKLz1FRwqU,,,
,,,Webinar-2,https://youtu.be/LKOR6IwMbO4,,,
,,,Webinar-3,https://youtu.be/R9PvugV_ZIA,,,
,,,,,,,
,3. ADVANCED DEEP LEARNING (AIMLC ZG513),,,,,,
,,"Books	",,,,,
,,,Deep-learning-adaptive-computation-and-machine-learning,https://tinyurl.com/25m3hh5f,,,
,,,,,,,
,,"Lectures PPT	",,,,,
,,,All Lectures,https://tinyurl.com/28ze3rgu,,,
,,,,,,,
,,"Lecture Videos	",,,,,
,,,Lecture-1,https://youtu.be/lLRExw9WZwg,,,
,,,Lecture-2,https://youtu.be/4t01NwAefIU,,,
,,,Lecture-3,https://youtu.be/fbYxBvZTknI,,,
,,,Lecture-4,https://youtu.be/9qmnZ2efMDc,,,
,,,Lecture-5,https://youtu.be/XPftPrijJqw,,,
,,,Lecture-6,https://youtu.be/gLaH5PopdEI,,,
,,,Lecture-7,https://youtu.be/GC4s8Av3APM,,,
,,,Lecture-8,https://youtu.be/bA7iPOVf6ms,,,
,,,Lecture-9,https://youtu.be/MlBbK_wrwAs,,,
,,,Lecture-10,https://youtu.be/Yon0KTXvBFk,,,
,,,Lecture-11,https://youtu.be/llpkQ4II32c,,,
,,,Lecture-12,https://youtu.be/vRcYxw3QJls,,,
,,,Lecture-13A,https://youtu.be/HN_M3SOZMK0,,,
,,,Lecture-13B,https://youtu.be/jAHR3u3Lfmw,,,
,,,Lecture-14,https://youtu.be/uVaf4i8qSos,,,
,,,Lecture-15,https://youtu.be/pT6D20sDu0M,,,
,,,Lecture-16,https://youtu.be/dejmIckGZSU,,,
,,,,,,,
,,,,,,,
,4. NLPA APPLICATIONS (AIMLC ZG519),,,,,,
,,"Books	",,,,,
,,,KnowledgeGraphBook,https://tinyurl.com/24bobcac,,,
,,,Machine Translation Jurafsky chapter,https://tinyurl.com/2arjuz48,,,
,,,Natural language processing Applications-Course Handout,https://tinyurl.com/2b4qqe9q,,,
,,,Neural Machine Translation-Philipp Koehn,https://tinyurl.com/264phrcp,,,
,,,NLP Applications Session 2- Appendix B spellcheck jurafsky boo content,https://tinyurl.com/28mp4f64,,,
,,,Relation etraction Jurafsky book capter 21,https://tinyurl.com/24t9rxjs,,,
,,,Speech and Language Processing- Jurafsky and Martin-3rd edition,https://tinyurl.com/2cn3fd4e,,,
,,,,,,,
,,"Lectures PPT	",,,,,
,,,All Lectures,https://tinyurl.com/22x5d8rt,,,
,,,,,,,
,,"Lecture Videos	",,,,,
,,,Lecture-1,https://youtu.be/KJMdRW8qpyI,,,
,,,Lecture-2,https://youtu.be/LsITriZ30W8,,,
,,,Lecture-3,https://youtu.be/WRBbMuDdkZE,,,
,,,Lecture-4,https://youtu.be/sprvMljbh7M,,,
,,,Lecture-5,https://youtu.be/KTEeMM9dLng,,,
,,,Lecture-6,https://youtu.be/8gR9a4xKBqM,,,
,,,Lecture-7,https://youtu.be/o16jmHMo3ZQ,,,
,,,Lecture-8,https://youtu.be/mTSl-zIHVR8,,,
,,,Lecture-9A,https://youtu.be/7_t-f6Y5pEM,,,
,,,Lecture-9B,https://youtu.be/G05phXO2vKU,,,
,,,Lecture-10,https://youtu.be/cCmVyo2EqPo,,,
,,,Lecture-11,https://youtu.be/OeKQDwLyuDg,,,
,,,Lecture-12,https://youtu.be/Mu3n2hxT2F8,,,
,,,Lecture-13,https://youtu.be/TdTR9zuIq-E,,,
,,,Lecture-14,https://youtu.be/9eS8wUVvWa0,,,
,,,Lecture-15,https://youtu.be/Bh2llAwzJig,,,
,,,Lecture-16,https://youtu.be/yDrtfwaRSVo,,,
,,,Webinar-1,https://youtu.be/mc3eA2z7Aic,,,
,,,Webinar-2,https://youtu.be/3HrUEnv3MW8,,,
,,,Webinar-3,https://youtu.be/WEB6Zi2A3mg,,,
,,,Webinar-4,https://youtu.be/YL48qPyT6NY,,,
,,,,,,,
,5. COMPUTER VISION,,,,,,
,,"Books	",,,,,Parthiban: 2022aa05025@wilp.bits-pilani.ac.in
,,,Brookner_Kalman,https://tinyurl.com/23dp5m88,,,Mathew
,,,"Digital Image Processing, 4th Ed, Rafael C. Gonzalez",https://tinyurl.com/29osc4fo,,,Sagar Bhai
,,,Digital.Image.Processing.3rd.Edition.www.EBooksWorld.ir,https://tinyurl.com/2awc8hjz,,,
,,,Faster RCNN,https://tinyurl.com/26ubza9w,,,
,,,hog,https://tinyurl.com/23n4ly4s,,,
,,,Kalman Filter Explained Simply - The Kalman Filter,https://tinyurl.com/2492px39,,,
,,,"Computer Vision A Modern Approach - Forsyth , Ponce",https://tinyurl.com/25ajjg5a,,,
,,,Yolo,https://tinyurl.com/2b6nhbks,,,
,,,,,,,
,,"Lectures PPT	",,,,,
,,,Computer Vision merged pdf file,https://tinyurl.com/2cy6n56v,,,
,,,,,,,
,,"Lecture Videos	",,,,,
,,,Lecture-1,https://youtu.be/CHm86N1OHKo,,,
,,,Lecture-2,https://youtu.be/PdoOt7Z45vU,,,
,,,Lecture-3,https://youtu.be/XwN9cmoTQdg,,,
,,,Lecture-4,https://youtu.be/yT35HeBNYQs,,,
,,,Lecture-4A,https://youtu.be/BbflngNybzA,,,
,,,Lecture-5,https://youtu.be/iTbKQg-xTRg,,,
,,,Lecture-5A,https://youtu.be/03JDiIrXJho,,,
,,,Lecture-6,https://youtu.be/0dfz-3NwxZs,,,
,,,Lecture-6A,https://youtu.be/q68wimSuGwQ,,,
,,,Lecture-7,https://youtu.be/hPjzHes52Wg,,,
,,,Lecture-8,https://youtu.be/JEYDsdvEFEk,,,
,,,Lecture-9,https://youtu.be/zi3p64v0tKs,,,
,,,Lecture-10,https://youtu.be/dzSqbkGo6x8,,,
,,,Lecture-11,https://youtu.be/9zfteOtEAWY,,,
,,,Lecture-12,https://youtu.be/hMZ9YUJlQgw,,,
,,,Lecture-13,https://youtu.be/GmvXHrnf3bQ,,,
,,,Lecture-14,https://youtu.be/4k__MsH4YDs,,,
,,,Lecture-15,https://youtu.be/abDgWV4g2Dk,,,
,,,Webinar-1,https://youtu.be/u4-EafKSqx0,,,
,,,Webinar-2,https://youtu.be/5xhqvj-9pW8,,,
,,,,,,,
,6. MLOPS (AIMLC ZG523),,,,,,
,,"Books	",,,,,
,,,MLOPS_designing-machine-learning-systems.pdf file,https://tinyurl.com/2cmuur2p,,,
,,,MLOPS_introducing-mlops file,https://tinyurl.com/28xgfrf3,,,
,,,,,,,
,,"Lectures PPT	",,,,,
,,,All Sessions file,https://tinyurl.com/2ay73fuz,,,
,,,Dinesh Bhai's file,https://tinyurl.com/22hhmeue,,,
,,,,,,,
,,"Lecture Videos	",,,,,
,,,Lecture-1,https://youtu.be/2jeQoGLV9aE,,,
,,,Lecture-2,https://youtu.be/wOuKj8X_CKw,,,
,,,Lecture-3,https://youtu.be/xa-Uzd4uJac,,,
,,,Lecture-4,https://youtu.be/M4P6R7bfZe4,,,
,,,Lecture-5,https://youtu.be/CyHp7ZNGdUo,,,
,,,Lecture-6,https://youtu.be/Ax5nALnC2xc,,,
,,,Lecture-7,https://youtu.be/yvfddQbtjbs,,,
,,,Lecture-8,https://youtu.be/_sxkOGWTfeQ,,,
,,,Lecture-9,https://youtu.be/jroeOlO4xCA,,,
,,,Lecture-10,https://youtu.be/znfWLN39E6k,,,
,,,Lecture-11,https://youtu.be/OG_RwJ9xDpw,,,
,,,Lecture-12,https://youtu.be/KAvnHkSFsaI,,,
,,,Lecture-13,https://youtu.be/bjIafrrUvF4,,,
,,,Lecture-14,https://youtu.be/WFzp6g-aWjU,,,
,,,Lecture-15,https://youtu.be/sttRmCbb9qY,,,
,,,Lecture-16,https://youtu.be/H6-GsK_5_AE,,,
,,,Webinar-1,https://youtu.be/7gWQOp8aOIg,,,
,,,Webinar-2,https://youtu.be/KAaaUJBHWtI,,,
,,,Webinar-3,https://youtu.be/luflUvO2oKY,,,
,,,Webinar-4,https://youtu.be/6i6AZOlJJH8,,,
